product_id,product_name,category,list_price,unit_measure
15640,Super Vegetable Oil,P01,163.47,EA
31681,Golden Fajita French Fries,P01,275.37,EA
13447,High Top Oranges,P01,119.52,EA
36942,Tell Tale New Potatos,P01,264.18,EA
239772,BBB Best Creamy Peanut Butter,,451.31,EA
265022,BBB Best Apple Preserves,P01,927.97,EA
35009,Better Fancy Canned Sardines,,39.1545,EA
35010,Better Rice Soup,,38.5506,EA
29277,Monarch Spaghetti,,40.3128,EA
35012,Swell Canned Peaches,,14.256,EA
19857,Moms Cole Slaw,,27.3537,EA
30448,Washington Cranberry Juice,,12.3849,EA
24790,Fast Lemon Cookies,,14.0679,-
37559,Walrus Chardonnay,,0.3929,EA
62858,Fast Frosted Cookies,,297.4133,EA
38842,Ebony Lemons,P01,192.91,EA
465052,Club String Cheese,P01,960.15,EA
29260,Monarch Ravioli,P01,556.63,EA
239782,BBB Best Strawberry Preserves,,472.36,EA
30285,Even Better Chocolate Milk,P01,1327.05,EA
28401,Ebony Prepared Salad,P01,966.44,EA
20990,Moms Sliced Ham,P01,101.0,EA
39529,Fabulous Diet Soda,P01,247.07,EA
62770,Fast Buttered Popcorn,P01,249.2148,EA
63654,American Pimento Loaf,P01,517.65,EA
26769,Cutting Edge Cole Slaw,P01,135.8,EA
29091,Nationeel Beef Jerky,P01,157.76,SE
30289,Even Better Strawberry Yogurt,P01,1490.76,EA
61484,Super Creamy Peanut Butter,P01,50.5051,EA
38816,Ebony Squash,P01,144.13,EA
15236,Great Muffins,P01,37.05,EA
62616,Tell Tale Limes,P01,298.0,EA
36001,Big Time Frozen Cheese Pizza,P01,412.03,EA
26361,Bravo Canned Yams,P01,439.7,EA
29071,Nationeel Salted Pretzels,P01,181.44,SE
11690,High Top Dried Mushrooms,P01,192.34,SE
20990,Moms Sliced Ham,P01,101.0,SE
37170,Fast BBQ Potato Chips,P01,190.85,EA
29255,Thresher Spicy Mints,P01,507.75,EA
20910,Moms Sliced Turkey,P01,824.96,EA
28500,Ebony Squash,P01,1058.6801,EA
27550,Imagine Popsicles,P01,1084.61,EA
17801,Better Fancy Canned Sardines,P01,1431.23,EA
62672,Tell Tale Fancy Plums,P01,235.0,SE
61744,Carlson Low Fat Sour Cream,P01,803.86,EA
13910,Best Choice Golden Raisins,P01,107.84,EA
29062,Nationeel Low Fat Popcorn,P01,157.76,EA
45880,Red Spade Low Fat Bologna,P01,767.75,EA
26370,Bravo Canned Tomatos,P01,205.26,EA
31875,Golden Frozen Chicken Thighs,P01,1150.4399,EA
47801,Red Spade Foot-Long Hot Dogs,P01,1627.84,EA
39563,Special Wheat Puffs,P01,101.52,EA
11310,High Top Garlic,P01,150.33,EA
61385,Super Sesame Oil,P01,157.76,SE
15712,Super Apple Jelly,P01,161.69,EA
60863,Best Choice BBQ Potato Chips,P01,25.89,EA
28396,Ebony New Potatos,P01,14.3,EA
62550,Tell Tale Garlic,P01,575.0,EA
60098,Golden Lime Popsicles,P01,577.06,EA
34701,Super Apple Butter,P01,194.1,EA
37050,Tell Tale Mushrooms,P01,138.89,PR
26548,Applause Canned Mixed Fruit,P01,138.97,PR
26733,Gorilla 1% Milk,P01,138.97,PR
29918,Special Grits,P01,76.52,EA
61855,Moms Sliced Ham,P01,122.68,EA
63235,Token Cola,,625.0,EA
27110,Jumbo Small Eggs,P01,125.15,EA
18250,Carlson Low Fat String Cheese,P01,62.64,EA
21395,Big Time Frozen Broccoli,P01,213.71,EA
26734,Gorilla Whole Milk,P01,148.77,PR
30211,Even Better Low Fat Sour Cream,P01,200.43,PR
37055,Tell Tale Dried Mushrooms,P01,152.12,PR
13917,Best Choice Frosted Donuts,P01,50.02,EA
26563,Gorilla Low Fat Cottage Cheese,P01,138.61,PR
33090,High Top Sweet Onion,P01,190.84,EA
30210,Even Better Low Fat Cottage Cheese,P01,184.71,PR
30490,Jeffers Wheat Puffs,P01,408.04,EA
61752,Carlson Cheese Spread,P01,803.86,EA
61857,Moms Sliced Chicken,P01,285.19,EA
22680,Tell Tale Firm Tofu,P01,36.69,EA
61859,Urban Large Brown Eggs,P01,232.92,EA
39190,Nationeel Raisins,P01,187.01,EA
61145,Good Imported Beer,P01,321.64,EA
63004,Walrus Imported Beer,P01,250.0,EA
38772,Ebony Sweet Peas,,125.67,EA
39850,Washington Mango Drink,P01,467.53,SE
39459,BBB Best Creamy Peanut Butter,P01,247.07,EA
39461,BBB Best Strawberry Preserves,P01,247.07,EA
39185,Nationeel Grape Fruit Roll,P01,263.15,EA
39680,Even Better String Cheese,P01,263.15,EA
61854,Moms Sliced Turkey,P01,285.19,EA
61860,Urban Small Eggs,P01,285.19,EA
32966,High Top Golden Delcious Apples,P01,147.15,EA
13047,High Top Golden Delcious Apples,P01,20.57,EA
60900,Best Choice Sugar Cookies,P01,623.67,EA
61856,Moms Potato Salad,P01,232.92,EA
29070,Nationeel Avocado Dip,P01,181.44,SE
32963,High Top Macintosh Apples,P01,137.32,EA
29312,Discover Spaghetti,P01,44.18,EA
37609,Colony Wheat Bread,P01,486.32,SE
62947,Atomic Semi-Sweet Chocolate Bar,,325.19,EA
39105,Nationeel Salsa Dip,P01,144.13,EA
30092,Just Right Chicken Ramen Soup,P01,283.03,EA
62027,Big Time Home Style French Fries,P01,181.56,EA
63003,Shady Lake Rice Medly,P01,250.0,EA
37606,Colony Blueberry Muffins,P01,408.52,SE
38050,Gorilla Chocolate Milk,P01,301.23,EA
23162,Tell Tale Macintosh Apples,P01,307.83,EA
63002,Shady Lake Thai Rice,P01,250.0,EA
21390,Big Time Ice Cream,P01,104.68,EA
38809,Ebony Tomatos,P01,202.96,EA
37605,Colony Bagels,P01,339.94,SE
5742,Red Spade Beef Bologna,P01,115.31,EA
30500,Blue Label Canned Beets,P01,634.11,EA
28761,Ebony Fuji Apples,P01,157.76,SE
28771,Ebony Oranges,P01,157.76,SE
29394,Pearl Chardonnay,P01,123.14,EA
28751,Ebony Cantelope,P01,113.46,SE
601700,Club Cheese Spread,P01,218.18,EA
63600,Gorilla Cheese Spread,P01,1975.0,EA
63253,Token Apple Drink,,349.81,EA
38826,Ebony Macintosh Apples,P01,223.06,SE
604700,Club Sharp Cheddar Cheese,P01,575.0,EA
26502,Bravo Large Canned Shrimp,P01,939.57,EA
67550,Discover Manicotti,P01,1275.1,EA
61750,Carlson Havarti Cheese,P01,803.86,EA
37673,Landslide French Roast Coffee,P01,207.5,EA
38826,Ebony Macintosh Apples,P01,223.06,EA
29758,BBB Best Apple Butter,P01,515.14,EA
37574,Walrus Light Beer,P01,288.31,EA
37441,Atomic Mint Chocolate Bar,P01,1254.1899,EA
34862,Best Oatmeal,P01,478.56,EA
63559,Gorilla String Cheese,P01,298.0,EA
33503,Best Choice Graham Crackers,,1029.98,EA
386312,Fabulous Apple Juice,P01,1543.0,EA
284012,Fabulous Diet Soda,P01,966.66,EA
39400,BBB Best Tomato Sauce,P01,188.52,EA
38076,Cutting Edge Foot-Long Hot Dogs,P01,548.66,EA
32720,High Top Cauliflower,P01,50.99,EA
800600,Club Blueberry Yogurt,,694.75,EA
37574,Walrus Light Beer,P01,131.79,EA
36214,Big Time Frozen Cauliflower,P01,53.0,EA
38006,Gorilla Sour Cream,P01,1103.0,EA
37843,Token Orange Juice,P01,49.08,EA
60013,Blue Medal Small Brown Eggs,P01,49.08,EA
62686,Tell Tale Mandarin Oranges,P01,49.63,EA
61484,Super Creamy Peanut Butter,P01,51.88,EA
62871,Fast Dried Apples,P01,21.98,EA
36030,Big Time Chicken TV Dinner,P01,21.48,EA
36015,Big Time Apple Cinnamon Waffles,P01,37.05,EA
28929,Nationeel Potato Chips,P01,37.36,EA
28739,Ebony Canned Peanuts,P01,157.76,SE
38894,Ebony Walnuts,,256.34,EA
7536,Golden Apple Cinnamon Waffles,P01,274.75,EA
24336,Fast Low Fat Cookies,P01,219.99,EA
31400,Red Spade Pimento Loaf,,35.4219,EA
220332,BBB Best Decaf Coffee,P01,117.33,EA
28500,Ebony Squash,P01,1020.6357,EA
39513,Fabulous Cream Soda,P01,41.97,EA
63654,American Pimento Loaf,,517.65,EA
63891,Imagine Pancake Mix,,2760.7,EA
34901,Better Noodle Soup,P01,51.88,EA
47550,Red Spade Turkey Hot Dogs,P01,1160.7,EA
29071,Nationeel Salted Pretzels,P01,181.44,EA
60448,High Top Summer Squash,P01,493.85,EA
38790,Ebony Shitake Mushrooms,P01,247.07,EA
63234,Token Diet Soda,,625.0,EA
24702,Fast Potato Chips,P01,798.27,EA
62510,Tell Tale Onions,,1299.0,EA
29754,BBB Best Pepper,P01,485.84,EA
29753,BBB Best Strawberry Jelly,P01,222.65,EA
11690,High Top Dried Mushrooms,P01,192.34,EA
37172,Fast Low Fat BBQ Chips,P01,219.27,EA
38786,Ebony Prepared Salad,P01,240.91,SE
48500,Red Spade Low Fat Cole Slaw,P01,1134.77,EA
39116,Nationeel Avocado Dip,P01,842.04,EA
64820,Washington Apple Drink,,1419.5833,EA
37780,Landslide Creamy Peanut Butter,P01,201.69,EA
38121,Jumbo Small Brown Eggs,P01,162.89,EA
34462,Good White Zinfandel Wine,P01,88.91,EA
61685,Better Canned Tuna in Oil,,21.5813,EA
61801,Moms Low Fat Bologna,,258.01,EA
62960,Shady Lake Manicotti,P01,294.54,EA
25300,Fast Dried Apples,P01,199.41,EA
63080,Landslide White Sugar,,563.2983,EA
63130,Landslide Low Fat Apple Butter,,229.0,EA
37880,Bravo Canned Yams,P01,207.18,EA
38076,Cutting Edge Foot-Long Hot Dogs,P01,528.8338,EA
38007,Gorilla Jack Cheese,P01,1103.0,EA
20910,Moms Sliced Turkey,P01,795.1389,EA
36941,Tell Tale Sweet Peas,P01,264.18,EA
34977,Better Large Canned Shrimp,P01,205.37,EA
38844,Ebony Plums,P01,189.27,EA
39637,Even Better Low Fat Cottage Cheese,P01,235.1,EA
38061,Gorilla Blueberry Yogurt,P01,378.29,EA
38051,Gorilla 1% Milk,P01,577.46,EA
39972,Blue Label Turkey Noodle Soup,P01,222.36,EA
38808,Ebony Cauliflower,P01,202.96,EA
37134,Tell Tale Canned Peanuts,P01,476.59,EA
62672,Tell Tale Fancy Plums,P01,235.0,EA
39681,Even Better Low Fat String Cheese,P01,561.04,EA
60760,High Top Mandarin Oranges,P01,197.13,EA
29460,BBB Best Chunky Peanut Butter,P01,385.84,EA
37132,Tell Tale Mandarin Oranges,P01,347.24,EA
61853,Moms Corned Beef,P01,232.92,EA
30557,Blue Label Regular Ramen Soup,P01,245.81,EA
39901,Washington Apple Juice,P01,346.23,EA
29757,BBB Best Salt,P01,224.42,EA
19730,Moms Low Fat Bologna,P01,227.15,EA
30107,Just Right Fancy Canned Oysters,P01,232.46,EA
26161,Token Apple Juice,P01,1106.7,EA
30093,Just Right Canned Tuna in Water,P01,491.72,EA
31149,Club Jack Cheese,P01,83.36,EA
61686,Better Large Canned Shrimp,,26.4525,EA
60953,Best Choice Avocado Dip,,53.375,EA
39198,Nationeel Dried Apricots,,134.825,EA
29071B,Golden Frozen Chicken Thighs,,181.4429,EA
37570,Walrus White Zinfandel Wine,P01,250.063,EA
64302,Even Better Sharp Cheddar Cheese,,87.1639,EA
63113,Landslide Columbian Coffee,,5.35,EA
60794,High Top Walnuts,P01,51.88,EA
61471,Super Apple Jelly,,10.25,EA
25987,Landslide Oregano,P01,153.2,EA
38076,Cutting Edge Foot-Long Hot Dogs,P01,528.8194,EA
62055,Big Time Frozen Peas,P01,645.6303,EA
25982,Landslide Pepper,P01,195.61,EA
36031,Big Time Beef TV Dinner,P01,125.68,EA
34440,Good Chardonnay Wine,P01,121.34,EA
38821,Ebony Firm Tofu,P01,202.96,EA
38805,Ebony Red Pepper,P01,202.96,EA
38810,Ebony Mushrooms,P01,247.07,EA
63664,Just Right Fancy Canned Sardines,,645.0,EA
61500,Excellent Berry Juice,P01,723.14,EA
25906,Landslide White Sugar,P01,436.78,EA
39478,BBB Best Grape Jelly,P01,561.04,EA
26150,Token Orange Juice,P01,550.91,EA
60037,Golden Frozen Cheese Pizza,P01,609.12,EA
62624,Tell Tale Almonds,P01,298.0,EA
63744,Cutting Edge Potato Salad,P01,298.0,EA
63560,Gorilla Low Fat String Cheese,P01,298.0,EA
60076,Golden Chicken TV Dinner,P01,29.97,EA
61761,Carlson Strawberry Yogurt,P01,803.86,EA
32721,High Top Tomatos,P01,76.52,EA
26190,Radius Grits,P01,543.02,EA
265062,Fabulous Berry Juice,P01,1461.57,EA
23678,Tell Tale Walnuts,P01,185.61,EA
265072,Fabulous Mango Drink,P01,1648.13,EA
62840,Fast Cheese Dip,,50.0,EA
33244,High Top Walnuts,,622.02,EA
38330,Imagine Frozen Carrots,,13.432,EA
61630,Better Beef Soup,P01,188.0462,EA
30859,Blue Label Fancy Canned Oysters,P01,255.62,EA
30281,Even Better Mild Cheddar Cheese,P01,1078.77,EA
63800,Imagine Low Fat French Fries,,107.8,EA
32655,High Top Onions,P01,238.2,EA
36945,Tell Tale Beets,P01,1622.55,EA
29460,BBB Best Chunky Peanut Butter,P01,439.4271,EA
60035,Golden Waffles,P01,731.95,EA
32900,High Top Baby Onion,,36.21,EA
61687,Better Fancy Canned Anchovies,,22.3832,EA
30425,Washington Cola,,26.4429,EA
35111,Carlson Low Fat String Cheese,,12.2859,EA
31320,Club Chocolate Milk,,9.9198,EA
30426,Washington Diet Cola,,6.336,EA
39346,Fantastic Wheat Bread,P01,257.36,EA
62010,Big Time Beef TV Dinner,,166.98,EA
24335,Kiwi Scallops,P01,217.1,EA
61757,Carlson Buttermilk,P01,803.86,EA
61619,Better Noodle Soup,,1246.0,EA
38815,Ebony Fresh Lima Beans,P01,144.13,EA
61553,Excellent Apple Drink,P01,193.29,EA
61554,Best Oatmeal,P01,235.31,EA
34971,Better Beef Soup,P01,145.2,EA
37780,Landslide Creamy Peanut Butter,P01,201.69,SE
39339,Fantastic White Bread,P01,235.31,EA
37738,Landslide Low Fat Apple Butter,P01,124.12,EA
61746,Carlson Jack Cheese,P01,803.86,EA
61754,Carlson Mild Cheddar Cheese,P01,803.86,EA
39253,Thresher White Chocolate Bar,P01,247.07,EA
38803,Ebony Lettuce,P01,202.96,EA
39144,Nationeel Low Fat Chips,P01,247.07,EA
38875,Ebony Honey Dew,P01,247.07,EA
25890,Colony Cranberry Muffins,P01,462.11,EA
37173,Fast Sugar Cookies,P01,507.25,EA
62524,Tell Tale Lettuce,P01,235.1,EA
31564,Red Spade Sliced Turkey,,31.04,EA
20990B,Golden Frozen Peas,,90.8951,SE
11690B,Golden Frozen Corn,P01,192.3418,SE
18430,Carlson Cheese Spread,P01,281.28,EA
64670,Even Better Strawberry Yogurt,P01,49.08,EA
23674,Tell Tale Sweet Onion,P01,222.51,EA
39906,Jeffers Wheat Puffs,,1759.4,EA
39860,Washington Cream Soda,P01,467.53,SE
61770,Moms Beef Bologna,P01,194.1,EA
15276,Great Blueberry Muffins,,102.11,EA
38109,Cutting Edge Sliced Ham,P01,1103.0,EA
61611,Better Vegetable Soup,P01,49.08,EA
63936,Imagine Frozen Peas,P01,49.08,EA
34975,Better Canned Tuna in Water,P01,217.82,EA
17801,Better Fancy Canned Sardines,P01,1379.4924,EA
30284,Even Better Buttermilk,P01,1366.0699,EA
30290,Even Better Blueberry Yogurt,P01,1535.21,EA
60256-6,Just Right Canned Beets,P01,34.0,EA
63680,Cutting Edge Low Fat Bologna,,98.0,EA
63926,Imagine Frozen Broccoli,,127.0,EA
61929,Big Time Low Fat French Fries,,211.89,EA
63674,Gorilla Blueberry Yogurt,,298.0,EA
25913,Landslide Vegetable Oil,P01,469.61,EA
63700,Just Right Canned Yams,,166.98,EA
35277,Urban Large Brown Eggs,,32.563,EA
63897,Imagine Home Style French Fries,,1395.0,EA
62329,Quick Extra Lean Hamburger,P01,133.84,EA
29844,Fabulous Strawberry Drink,,238.95,EA
29397,Fantastic Pumpernickel Bread,P01,156.39,EA
31506,Red Spade Foot-Long Hot Dogs,,171.15,EA
36300,Big Time Frozen Chicken Thighs,P01,167.83,EA
63860,Just Right Large Canned Shrimp,P01,141.65,PR
63865,Just Right Fancy Canned Anchovies,P01,152.12,PR
30283,Even Better 2% Milk,P01,1321.7,EA
30286,Even Better 1% Milk,P01,1327.05,EA
26502,Bravo Large Canned Shrimp,P01,905.8107,EA
17801,Better Fancy Canned Sardines,P01,1379.7938,EA
34978,Better Fancy Canned Anchovies,P01,205.37,EA
6341,Blue Medal Small Eggs,P01,34.78,EA
33223,High Top Fuji Apples,,144.19,EA
37131,Tell Tale Broccoli,P01,72.17,EA
39602,Just Right Large Canned Shrimp,,369.99,EA
39603,Just Right Fancy Canned Anchovies,,369.99,EA
220510,BBB Best Grape Preserves,P01,56.67,EA
27550,Imagine Popsicles,P01,1045.642,EA
61560,Best Wheat Puffs,P01,69.31,EA
29899,Special Corn Puffs,P01,121.4,EA
62858,Fast Frosted Cookies,,288.5,EA
29394,Pearl Chardonnay,P01,123.1375,EA
28751,Ebony Cantelope,P01,113.4625,EA
5742,Red Spade Beef Bologna,P01,115.3125,EA
62685,Tell Tale Broccoli,P01,87.1639,EA
63942,Even Better String Cheese,,18.3824,EA
64300,Even Better Cheese Spread,,47.8361,EA
29768,BBB Best Strawberry Jam,P01,106.18,EA
30354,Washington Mango Drink,,1247.74,EA
63098,Landslide Canola Oil,P01,133.84,EA
33475,Best Choice Chocolate Chip Cookies,P01,981.19,EA
63796,Imagine Frozen Pancakes,P01,50.0,EA
63350,Bravo Noodle Soup,,91.5,EA
63799,Just Right Chicken Soup,,50.0,EA
39186,Nationeel Dried Dates,P01,561.04,EA
25580,Atomic Spicy Mints,P01,38.74,EA
61858,Urban Small Brown Eggs,P01,122.68,EA
62949,Atomic Spicy Mints,P01,325.19,EA
61292,Great Pumpernickel Bread,P01,86.64,EA
38914,Ebony Party Nuts,P01,57.21,EA
29091,Nationeel Beef Jerky,P01,157.76,EA
33245,High Top Oranges,,466.9,EA
25898,Landslide Sesame Oil,P01,420.99,EA
61762,Carlson Blueberry Yogurt,P01,803.86,EA
38060,Gorilla Strawberry Yogurt,P01,187.01,EA
60776,High Top Sweet Onion,P01,408.52,SE
39240,Thresher Semi-Sweet Chocolate Bar,P01,467.53,SE
26113,Landslide Grape Jelly,P01,544.12,EA
30331,American Corned Beef,P01,2.32,EA
24790,Fast Lemon Cookies,,14.0679,EA
30449,Washington Apple Juice,,24.0372,EA
14919,Good Chablis Wine,,18.8298,EA
29278,Monarch Thai Rice,,8.2764,EA
9915,High Top Corn on the Cob,,3.8214,EA
64008,Washington Cream Soda,,218.18,EA
265032,BBB Best Grape Jelly,P01,1024.0,EA
64009,Washington Diet Soda,P01,585.0,EA
458802,Club Muenster Cheese,P01,796.85,EA
360012,Fabulous Diet Cola,P01,422.87,EA
39331,Pearl Merlot Wine,,217.12,EA
34653,Super Canola Oil,,296.58,EA
31282,Club Cheese Spread,,94.47,EA
38786,Ebony Prepared Salad,,240.91,SE
63670,Just Right Canned Tuna in Water,P01,324.86,EA
64950,Jeffers Grits,,39.99,EA
38807,Ebony Potatos,P01,247.07,EA
38248,Imagine Orange Popsicles,P01,144.13,EA
37881,Bravo Vegetable Soup,P01,61.57,EA
61415,Super Canola Oil,P01,61.58,EA
11392,High Top Tomatos,P01,96.06,EA
16296,Better Canned String Beans,P01,21.5,EA
30279,Even Better Sharp Cheddar Cheese,P01,1078.77,EA
40613,Club Jack Cheese,P01,85.0,EA
32660,High Top Lettuce,P01,397.01,EA
62746,Fast Sugar Cookies,P01,475.0,EA
32963,High Top Macintosh Apples,P01,137.3173,EA
220610,BBB Best Apple Butter,P01,68.78,EA
37168,Kiwi Scallops,P01,89.81,EA
380762,Fabulous Cranberry Juice,P01,559.48,EA
63065,Colony Blueberry Muffins,P01,235.1,EA
29062,Nationeel Low Fat Popcorn,P01,157.76,SE
11714,High Top Fresh Lima Beans,P01,22.2875,EA
28771,Ebony Oranges,P01,157.7625,SE
29091,Nationeel Beef Jerky,P01,157.7625,SE
63073,Landslide Chunky Peanut Butter,,200.0,EA
32963,High Top Macintosh Apples,P01,132.3561,EA
29255,Thresher Spicy Mints,P01,489.4044,EA
601700,Club Cheese Spread,P01,192.821,EA
22630,Tell Tale Fresh Lima Beans,P01,68.06,EA
63135,Landslide Salt,,229.0,EA
29769,BBB Best Creamy Peanut Butter,P01,215.19,EA
29769,BBB Best Creamy Peanut Butter,P01,215.1875,EA
62038,Big Time Ice Cream Sandwich,P01,9.95,EA
30500,Blue Label Canned Beets,P01,634.1125,EA
63801,Even Better Large Curd Cottage Cheese,P01,51.88,EA
39900,Washington Cranberry Juice,P01,187.01,EA
61495,Super Strawberry Preserves,P01,722.1,EA
64040,Just Right Rice Soup,,1975.0,EA
26651,Gorilla Mild Cheddar Cheese,P01,352.96,EA
37684,Landslide Canola Oil,P01,1030.9278,EA
37017,Tell Tale Elephant Garlic,,1405.8107,EA
64798,American Roasted Chicken,,456.57,EA
39030,Nationeel Fudge Cookies,P01,148.77,PR
39015,Nationeel Low Fat BBQ Chips,P01,148.77,PR
30335,American Sliced Ham,P01,152.96,EA
27343,Imagine Apple Cinnamon Waffles,P01,159.43,EA
31683,Golden Frozen Pepperoni Pizza,P01,291.09,EA
31682,Golden Waffles,P01,329.36,EA
31700,Golden Chicken TV Dinner,P01,229.75,EA
285002,Fabulous Cola,P01,1051.0,EA
285002,Fabulous Cola,P01,1090.67,EA
265022,BBB Best Apple Preserves,P01,967.97,EA
29972,Just Right Canned String Beans,,20.98,EA
29973,Just Right Chicken Soup,,1.89,EA
31006P,Golden Frozen Chicken Wings,,49.6,EA
32920,High Top Dried Mushrooms,,33.7,EA
375832,Fabulous Orange Juice,P01,1691.4,EA
39116,Nationeel Avocado Dip,P01,842.0275,EA
28401,Ebony Prepared Salad,P01,927.8866,EA
27550,Imagine Popsicles,P01,1045.6357,EA
20910,Moms Sliced Turkey,P01,795.3093,EA
26502,Bravo Large Canned Shrimp,P01,905.8076,EA
63676,Cutting Edge Pimento Loaf,,498.0,EA
63677,Cutting Edge Beef Bologna,,575.0,EA
63752,Jumbo Small Brown Eggs,,218.78,EA
39205,Nationeel Frosted Donuts,P01,176.75,EA
33445,Best Choice Corn Chips,P01,974.69,EA
61748,Carlson String Cheese,P01,803.86,EA
178012,Discover Spaghetti,P01,1434.5,EA
485002,Club Head Cheese,P01,1196.89,EA
28461,Ebony Cauliflower,,26.5,EA
28401,Ebony Prepared Salad,P01,927.8725,EA
15931,Excellent Cranberry Juice,P01,4.67,EA
30275,Even Better Head Cheese,P01,7.9,EA
31672,Golden Low Fat Waffles,,38.25,EA
31670,Blue Medal Large Eggs,,98.02,EA
31675,Golden Frozen Pancakes,,107.36,EA
16027,Excellent Apple Drink,P01,34.71,EA
31684,Golden Frozen Cheese Pizza,P01,131.15,EA
34987,Better Fancy Canned Clams,P01,200.22,EA
31673,Golden Orange Popsicles,P01,295.9,EA
16344,Better Canned Tomatos,,346.72,EA
26749,Cutting Edge Turkey Hot Dogs,P01,166.36,EA
265072,Fabulous Mango Drink,P01,1688.13,EA
20801,Moms Roasted Chicken,P01,1308.53,EA
28500,Ebony Squash,P01,1020.6373,EA
62058,Big Time Popsicles,,1293.0,EA
64952,Ebony Elephant Garlic,,39.99,EA
30359,Washington Strawberry Drink,,1226.22,EA
60442,Ship Shape Extra Lean Hamburger,P01,689.94,EA
25883,Colony English Muffins,P01,414.91,EA
61743,Carlson Low Fat Cottage Cheese,P01,803.86,EA
33088,High Top Canned Peanuts,P01,179.9159,EA
28401,Ebony Prepared Salad,P01,966.4291,EA
27550,Imagine Popsicles,P01,1084.6125,EA
37171,Fast Corn Chips,P01,169.04,EA
62434,Tell Tale Summer Squash,P01,195.0,EA
39116,Nationeel Avocado Dip,P01,842.0244,EA
60902,Best Choice Fudge Cookies,P01,107.8,EA
61019,Best Choice Low Fat Chips,P01,107.8,EA
61024,Best Choice Apple Fruit Roll,P01,107.8,EA
31256,Club Havarti Cheese,,258.24,EA
20910,Moms Sliced Turkey,P01,795.314,EA
18933,Carlson 1% Milk,,12.1968,EA
34581,Super White Sugar,P01,157.76,SE
39886,Washington Diet Cola,P01,35.83,EA
38772,Ebony Sweet Peas,,70.94,EA
45880,Red Spade Low Fat Bologna,P01,433.38,EA
61074,Best Choice Golden Raisins,,726.45,EA
64947,Ebony Lettuce,,29.99,EA
2040,Blue Label Fancy Canned Oysters,P01,14.76,EA
38845,Ebony Peaches,P01,191.33,EA
62725,Tell Tale Walnuts,P01,51.88,EA
62018,Big Time Grape Popsicles,P01,51.82,EA
39252,Thresher Mints,P01,202.96,EA
62948,Atomic Bubble Gum,P01,325.19,EA
31702,Golden Beef TV Dinner,P01,257.31,EA
26629,Gorilla Havarti Cheese,P01,288.73,EA
38314,Imagine Frozen Mushroom Pizza,P01,123.98,EA
40614,Club Muenster Cheese,P01,85.0,EA
60450,High Top Asparagus,P01,346.53,EA
64672,Even Better Whole Milk,P01,89.44,EA
61150,Good Light Wine,P01,321.63,EA
63672,Gorilla Strawberry Yogurt,,625.0,EA
34462,Good White Zinfandel Wine,P01,92.24,EA
478022,Club Havarti Cheese,P01,1920.0,EA
30106,Just Right Fancy Canned Clams,P01,106.18,EA
39840,American Potato Salad,P01,467.53,SE
29165,Nationeel Golden Raisins,P01,104.73,EA
33086,High Top Mandarin Oranges,P01,262.2,EA
39198,Nationeel Dried Apricots,,134.82,SE
63081,Landslide French Roast Coffee,,397.584,EA
33478,Best Choice Fudge Brownies,,1406.75,EA
13917,Best Choice Frosted Donuts,P01,49.4973,EA
37852,Bravo Canned Beets,P01,39.9125,EA
62329,Quick Extra Lean Hamburger,P01,127.6584,EA
39513,Fabulous Cream Soda,P01,72.7358,EA
62331,Quick Seasoned Hamburger,P01,127.6584,EA
28401,Ebony Prepared Salad,P01,956.3621,EA
38076,Cutting Edge Foot-Long Hot Dogs,P01,523.3109,EA
63325,Bravo Canned Tomatos,,128.5,EA
36949,Tell Tale Onions,,1393.9301,EA
31702,Golden Beef TV Dinner,P01,257.3125,EA
11967,High Top Firm Tofu,P01,22.2875,EA
39198,Nationeel Dried Apricots,,134.825,SE
28739,Ebony Canned Peanuts,P01,157.7625,SE
29062,Nationeel Low Fat Popcorn,P01,157.7625,SE
29070,Nationeel Avocado Dip,P01,181.4375,SE
28751,Ebony Cantelope,P01,113.4625,SE
34581,Super White Sugar,P01,157.7625,SE
28761,Ebony Fuji Apples,P01,157.7625,SE
20910,Moms Sliced Turkey,P01,824.9625,EA
32720,High Top Cauliflower,P01,50.9875,EA
32721,High Top Tomatos,P01,76.525,EA
29071B,Golden Frozen Chicken Thighs,,181.4429,SE
9790B,Golden Frozen Broccoli,,71.0069,SE
26734,Gorilla Whole Milk,P01,148.77,EA
37606,Colony Blueberry Muffins,P01,408.52,EA
64800,American Corned Beef,,456.57,EA
220622,BBB Best Strawberry Jam,P01,162.33,EA
27131,Imagine Low Fat Waffles,P01,124.25,EA
458802,Club Muenster Cheese,P01,836.85,EA
275502,Fabulous Cream Soda,P01,1117.41,EA
60790,High Top Fuji Apples,P01,166.76,EA
34699,Super Low Fat Apple Butter,P01,434.42,SE
475502,Club Low Fat String Cheese,P01,1265.17,EA
26737,Cutting Edge Chicken Hot Dogs,P01,141.88,EA
28401,Ebony Prepared Salad,P01,966.4375,EA
28739,Ebony Canned Peanuts,P01,157.76,EA
61385,Super Sesame Oil,P01,157.76,EA
25852,Walrus Chardonnay,P01,210.5939,EA
15236,Great Muffins,P01,35.7169,EA
29312,Discover Spaghetti,P01,44.1703,EA
62018,Big Time Grape Popsicles,P01,49.9494,EA
36001,Big Time Frozen Cheese Pizza,P01,392.9941,EA
39340,Fantastic Rye Bread,P01,202.89,EA
61755,Carlson Large Curd Cottage Cheese,P01,803.86,EA
29070,Nationeel Avocado Dip,P01,181.44,EA
36001,Big Time Frozen Cheese Pizza,P01,397.1375,EA
64957,Blue Label Creamed Corn,,49.99,EA
62518,Tell Tale Green Pepper,P01,214.32,EA
63708,Cutting Edge Low Fat Cole Slaw,,36.192,EA
39477,BBB Best Apple Preserves,P01,263.15,EA
478022,Club Havarti Cheese,P01,1880.0,EA
28881,Nationeel Corn Chips,P01,50.67,EA
7608,Golden Frozen Broccoli,P01,32.16,EA
7594,Golden Home Style French Fries,P01,117.27,EA
34526,Great Wheat Bread,,256.78,EA
178012,Discover Spaghetti,P01,1474.5,EA
265012,BBB Best Extra Chunky Peanut Butter,P01,1205.49,EA
274022,Fabulous Strawberry Drink,P01,1221.33,EA
63920,Imagine Ice Cream Sandwich,,156.5,EA
63663,Just Right Fancy Canned Oysters,,283.03,EA
37060,Tell Tale Limes,P01,138.89,EA
37215,Fast Salsa Dip,P01,152.12,PR
63066,Colony Wheat Bread,P01,635.0,EA
25413,Atomic Mint Chocolate Bar,P01,226.55,EA
62741,Fast Corn Chips,P01,375.0,EA
63675,Cutting Edge Chicken Hot Dogs,,343.0,EA
62623,Tell Tale Firm Tofu,P01,298.0,EA
39436,BBB Best Apple Butter,,235.59,EA
28718,Ebony Mandarin Oranges,,2.66,EA
63645,Gorilla 2% Milk,,2.15,EA
63646,Gorilla Buttermilk,,0.0,EA
36013,Big Time Frozen Mushroom Pizza,,8.69,EA
60461,High Top Prepared Salad,,142.17,EA
63850,Imagine Apple Cinnamon Waffles,P01,47.84,EA
62017,Big Time Pancake Mix,P01,31.07,EA
63070,Landslide Sesame Oil,P01,83.42,EA
63170,Landslide Strawberry Preserves,,51.5336,EA
63650,Gorilla 1% Milk,,1132.32,EA
65098,Nationeel Fudge Brownies,P01,51.88,EA
34373,Choice White Chocolate Bar,,93.74,EA
39678,Even Better Muenster Cheese,,1327.05,EA
61930,Big Time Frozen Sausage Pizza,,211.89,EA
27550,Imagine Popsicles,P01,571.08,EA
29091,Nationeel Beef Jerky,P01,157.7625,EA
38789,Ebony Green Pepper,P01,247.07,EA
61861,Urban Large Eggs,P01,122.68,EA
65509,Monarch Rice Medly,P01,325.19,EA
65009,Ebony Peaches,,23.36,EA
64975,Ebony Potatos,,42.57,EA
65035,Ebony Honey Dew,,42.57,EA
64979,Ebony Tomatos,,42.57,EA
65059,Nationeel Sugar Cookies,,87.75,EA
65001,Ebony Red Delcious Apples,,130.37,EA
37647,Landslide Hot Chocolate,,2.28,EA
65508,Monarch Thai Rice,P01,325.19,EA
65200,Nationeel Frosted Cookies,P01,321.0,EA
220620,BBB Best Grape Jam,P01,64.31,EA
25933,Landslide Columbian Coffee,,11.85,EA
37175,Fast Fudge Cookies,P01,252.28,EA
30613,Blue Label Turkey Noodle Soup,P01,564.53,EA
35095,Carlson Jack Cheese,P01,283.03,EA
60036,Golden Frozen Pepperoni Pizza,P01,299.22,EA
34035,Best Choice Apple Fruit Roll,P01,75.26,EA
32956,High Top Limes,P01,143.87,EA
37220,Fast Avocado Dip,P01,138.97,PR
37225,Fast Cheese Dip,P01,138.97,PR
39020,Nationeel Sugar Cookies,P01,141.82,PR
39025,Nationeel Chocolate Chip Cookies,P01,141.82,PR
26735,Gorilla Strawberry Yogurt,P01,142.11,PR
25897,Colony Wheat Bread,P01,142.4,EA
32950,High Top Fresh Lima Beans,P01,143.87,PR
61330,Great Rye Bread,,166.98,EA
60449,High Top Corn on the Cob,P01,346.53,EA
60830,High Top Party Nuts,P01,149.14,EA
26543,Bravo Fancy Canned Oysters,P01,140.02,PR
11967,High Top Firm Tofu,P01,22.29,EA
32951,High Top Squash,P01,152.12,PR
63043,Walrus White Zinfandel Wine,P01,92.79,EA
29141,Nationeel Raspberry Fruit Roll,P01,301.62,EA
63148,Landslide Grape Jam,,133.84,EA
65028,Ebony Mixed Nuts,,42.57,EA
37847,Radius Oatmeal,P01,22.77,EA
28929,Nationeel Potato Chips,P01,17.14,EA
38076,Cutting Edge Foot-Long Hot Dogs,P01,251.72,EA
31619,Blue Medal Small Brown Eggs,,223.98,EA
25855,Walrus White Zinfandel Wine,P01,190.36,EA
265012,BBB Best Extra Chunky Peanut Butter,P01,1165.49,EA
275502,Fabulous Cream Soda,P01,1077.41,EA
34581,Super White Sugar,P01,157.76,EA
33446,Best Choice Low Fat BBQ Chips,P01,846.02,EA
38385,Imagine Home Style French Fries,P01,138.97,PR
30746,Blue Label Fancy Canned Anchovies,P01,152.12,EA
26405,Bravo Beef Soup,,57.11,EA
65150,Nationeel Graham Crackers,P01,203.61,EA
64892,Ebony Corn on the Cob,,416.3025,EA
63653,American Chicken Hot Dogs,P01,199.0,EA
63470,Just Right Chicken Noodle Soup,,625.0,EA
35112,Carlson Havarti Cheese,,10.1574,EA
31414,Red Spade Beef Bologna,,47.45,EA
62700,Tell Tale Canned Peanuts,P01,568.5,EA
31680,Golden Blueberry Waffles,,127.82,EA
34969,Better Chicken Noodle Soup,,160.76,EA
30336,American Potato Salad,P01,196.93,EA
34788,Excellent Mango Drink,P01,418.28,EA
60901,Best Choice Chocolate Chip Cookies,P01,107.8,EA
61016,Best Choice Chocolate Donuts,P01,107.8,EA
64850,Footnote Extra Lean Hamburger,P01,554.2,EA
63990,Imagine Popsicles,P01,143.8,EA
62795,Fast Salsa Dip,,22.07,EA
35096,Carlson Muenster Cheese,P01,490.47,EA
30042,Just Right Regular Ramen Soup,P01,285.4,EA
39036,Nationeel Potato Chips,,390.1,EA
62331,Quick Seasoned Hamburger,P01,133.84,EA
31875,Golden Frozen Chicken Thighs,P01,1150.4375,EA
9790B,Golden Frozen Broccoli,,71.0069,EA
64983,Ebony Baby Onion,,23.36,EA
65031,Ebony Sweet Onion,,23.36,EA
65033,Ebony Cantelope,,23.36,EA
65155,Nationeel Buttered Popcorn,,23.36,EA
65157,Nationeel No Salt Popcorn,,23.36,EA
65177,Nationeel Chocolate Donuts,,23.36,EA
64991,Ebony Limes,,23.36,EA
64993,Ebony Firm Tofu,,23.36,EA
64997,Ebony Macintosh Apples,,23.36,EA
65051,Nationeel Low Fat Cookies,,23.36,EA
65169,Nationeel Cheese Dip,,23.36,EA
65171,Nationeel Fondue Mix,,23.36,EA
65173,Nationeel Mini Donuts,,23.36,EA
65393,Nationeel Frosted Donuts,,23.36,EA
65397,Thresher Mint Chocolate Bar,,23.36,EA
64981,Ebony Mushrooms,,42.57,EA
65063,Nationeel Fudge Cookies,,42.57,EA
61745,Carlson Sour Cream,P01,803.86,EA
30353,Washington Berry Juice,,1247.74,EA
62871,Fast Dried Apples,P01,10.08,EA
36015,Big Time Apple Cinnamon Waffles,P01,17.0,EA
64150,Even Better Buttermilk,,44.31,EA
39400,BBB Best Tomato Sauce,P01,86.5,EA
15639,Super Regular Coffee,P01,76.82,EA
65160,Nationeel Salsa Dip,P01,51.88,EA
62630,Tell Tale Macintosh Apples,P01,74.75,EA
34789,Excellent Strawberry Drink,P01,397.11,EA
38843,Ebony Fancy Plums,P01,182.87,EA
31317,Club Buttermilk,,9.504,EA
9970,High Top Sweet Peas,,3.6036,EA
65180,Nationeel Sesame Crackers,,298.8941,EA
33501,Best Choice Potato Chips,P01,1242.15,EA
61756,Carlson 2% Milk,P01,803.86,EA
20825,Moms Corned Beef,P01,22.2875,EA
28761,Ebony Fuji Apples,P01,157.7625,EA
13810,Best Choice Salsa Dip,,12.73,EA
61802,Moms Turkey Hot Dogs,,289.64,EA
64898,Ebony New Potatos,,387.395,EA
64899,Ebony Prepared Salad,,387.395,EA
64894,Ebony Sweet Peas,,387.395,EA
64893,Ebony Asparagus,,387.395,EA
63870,Imagine Turkey TV Dinner,,141.65,PR
63875,Imagine Chicken TV Dinner,,141.65,PR
64851,Footnote Seasoned Hamburger,,37.2,EA
34809,Excellent Cola,,1286.27,EA
65159,Nationeel Low Fat Popcorn,P01,23.36,EA
65169,Nationeel Cheese Dip,P01,23.36,EA
65171,Nationeel Fondue Mix,P01,23.36,EA
65177,Nationeel Chocolate Donuts,P01,23.36,EA
65391,Nationeel Dried Apricots,P01,23.36,EA
65393,Nationeel Frosted Donuts,P01,23.36,EA
65395,Thresher Tasty Candy Bar,P01,23.36,EA
64989,Ebony Squash,,23.36,EA
65061,Nationeel Chocolate Chip Cookies,,23.36,EA
64977,Ebony Cauliflower,,42.57,EA
64999,Ebony Golden Delcious Apples,,42.57,EA
65008,Ebony Plums,,42.57,EA
65057,Nationeel Low Fat BBQ Chips,,42.57,EA
64985,Ebony Dried Mushrooms,,45.2,EA
32651,High Top Beets,P01,31.13,EA
62519,Tell Tale Shitake Mushrooms,P01,225.3,EA
220412,BBB Best Tomato Sauce,P01,124.77,EA
29142,Nationeel Grape Fruit Roll,,421.15,EA
29279,Monarch Rice Medly,,4.7916,EA
39143,Nationeel Chocolate Donuts,P01,193.29,EA
19485,Moms Chicken Hot Dogs,,50.36,EA
27569,Imagine Lemon Popsicles,,192.2,EA
37960,Bravo Large Canned Shrimp,P01,753.69,EA
61496,Super Extra Chunky Peanut Butter,P01,376.61,EA
61501,Excellent Mango Drink,P01,376.61,EA
60900,Best Choice Sugar Cookies,P01,286.13,EA
60459,High Top Beets,P01,159.26,SE
26185,Radius Wheat Puffs,P01,209.06,EA
64420,Blue Label Canned String Beans,,141.82,PR
36033,Big Time Grape Popsicles,P01,62.84,EA
220612,BBB Best Apple Jelly,P01,171.35,EA
38312,Imagine Frozen Cheese Pizza,P01,151.49,EA
800555,Club Strawberry Yogurt,,155.0,EA
22681,Tell Tale Almonds,P01,24.31,EA
220512,BBB Best Strawberry Jelly,P01,147.09,EA
29087,Nationeel Mini Donuts,P01,157.76,SE
39513,Fabulous Cream Soda,P01,73.5015,EA
63290,Bravo Creamed Corn,,37.902,EA
26370,Bravo Canned Tomatos,P01,205.2632,EA
37574,Walrus Light Beer,P01,236.8969,EA
38804,Ebony Elephant Garlic,P01,247.07,EA
60097,Golden Home Style French Fries,P01,267.16,EA
65508,Monarch Thai Rice,,325.19,EA
65280,Nationeel Apple Fruit Roll,P01,625.0,EA
39594,Just Right Beef Soup,P01,187.01,EA
31287,Club Sharp Cheddar Cheese,,47.44,EA
39968,Blue Label Noodle Soup,P01,168.99,EA
62665,Tell Tale Lemons,,30.021,EA
29898,Special Oatmeal,P01,80.35,EA
220522,BBB Best Low Fat Apple Butter,P01,138.1,EA
63942,Even Better String Cheese,P01,18.3824,EA
30500,Blue Label Canned Beets,P01,365.25,EA
39599,Just Right Chicken Ramen Soup,,466.85,EA
39856,Washington Strawberry Drink,,570.6,EA
62846,Fast Mini Donuts,,186.04,EA
37840,Token Diet Soda,P01,49.08,EA
60814,High Top Oranges,P01,78.27,EA
63290,Bravo Creamed Corn,,46.54,EA
37852,Bravo Canned Beets,P01,49.08,EA
39513,Fabulous Cream Soda,P01,91.83,EA
28377,Ebony Corn on the Cob,,51.88,EA
35178,Moms Beef Bologna,,176.38,EA
35118,Carlson Head Cheese,,1018.7441,EA
62755,Fast Fudge Brownies,P01,475.0,EA
61957,Big Time Frozen Mushroom Pizza,P01,200.66,EA
33476,Best Choice Fudge Cookies,P01,1035.4,EA
63945,American Beef Bologna,P01,25.14,EA
63490,Just Right Canned Tuna in Oil,,175.0,EA
36947,Tell Tale Prepared Salad,P01,1681.6801,EA
61545,Excellent Apple Juice,P01,311.02,EA
35382,Big Time Low Fat French Fries,,250.95,EA
62038,Big Time Ice Cream Sandwich,P01,25.83,EA
26140,Token Diet Soda,P01,1106.7,EA
220621,BBB Best Apple Jam,P01,42.16,EA
25409,Fast Frosted Donuts,P01,198.22,EA
21012,Urban Small Eggs,P01,49.61,EA
27341,Imagine Frozen Cheese Pizza,P01,97.04,EA
485002,Club Head Cheese,P01,1236.89,EA
375832,Fabulous Orange Juice,P01,1731.4,EA
61572,Best Grits,P01,134.1,EA
465052,Club String Cheese,P01,1000.15,EA
62031,Big Time Lime Popsicles,P01,259.32,EA
61802,Moms Turkey Hot Dogs,,258.0,EA
30424,Washington Diet Soda,,12.3552,EA
17820,Swell Canned Mixed Fruit,P01,230.51,EA
62018,Big Time Grape Popsicles,P01,23.77,EA
11391,High Top Cauliflower,P01,63.54,EA
40570,Blue Label Fancy Canned Anchovies,,19.5,EA
40599,Club Low Fat Cottage Cheese,P01,85.0,EA
40591,Green Ribbon Canned Peaches,,80.0,EA
35197,Moms Turkey Hot Dogs,,384.5168,EA
38997,Nationeel BBQ Potato Chips,,384.5168,EA
37609,Colony Wheat Bread,P01,486.32,EA
34400,Medalist Thai Rice,P01,243.67,EA
60078,Golden Pancake Mix,P01,29.64,EA
63172,Landslide Extra Chunky Peanut Butter,,98.0,EA
28626,Ebony Golden Delcious Apples,,21.35,EA
35290,Urban Small Eggs,,56.43,EA
33087,High Top Mixed Nuts,P01,457.36,EA
39744,Even Better Whole Milk,,22.24,EA
37960,Bravo Large Canned Shrimp,P01,793.69,EA
28781,Ebony Tangerines,P01,157.76,SE
220021,Pearl Chardonnay Wine,P01,10.21,EA
63585,Gorilla Head Cheese,,4.2,EA
38316,Imagine Apple Cinnamon Waffles,,161.17,EA
38103,Cutting Edge Corned Beef,P01,195.0,EA
14137,Choice Spicy Mints,,34.5312,EA
64290,Even Better Havarti Cheese,,299.83,EA
63062,Colony Cranberry Muffins,P01,122.68,EA
28401,Ebony Prepared Salad,P01,927.8826,EA
34973,Better Canned Peas,,181.51,EA
62735,Kiwi Scallops,P01,375.0,EA
63064,Colony Bagels,P01,345.0,EA
63842,Imagine Frozen Mushroom Pizza,P01,86.2,EA
63840,Imagine Frozen Pepperoni Pizza,P01,47.84,EA
63294,Bravo Chicken Soup,,47.31,EA
63582,Even Better 2% Milk,P01,98.2,EA
28930,Nationeel Lemon Cookies,P01,14.7689,EA
64987,Ebony Fresh Lima Beans,,23.36,EA
64995,Ebony Almonds,,23.36,EA
65029,Ebony Canned Peanuts,,23.36,EA
63548,Gorilla Sour Cream,,197.5,EA
60988,Best Choice Fondue Mix,,3.5,EA
37166,Tell Tale Party Nuts,P01,153.61,PR
63710,Just Right Vegetable Soup,,166.98,EA
63570,Gorilla Havarti Cheese,P01,181.9,EA
11714,High Top Fresh Lima Beans,P01,22.29,EA
32950,High Top Fresh Lima Beans,P01,143.87,EA
34703,Super Apple Jelly,,406.45,EA
30447,Washington Orange Juice,,36.7587,EA
15554,Super Sesame Oil,,2.2176,EA
63653,American Chicken Hot Dogs,,199.0,EA
61120,Choice Mints,P01,216.32,EA
14867,Good Light Wine,,29.63,EA
6779,Golden Orange Popsicles,,0.61,EA
38787,Ebony Onions,P01,116.72,EA
21456,Big Time Lemon Popsicles,P01,15.64,EA
33088,High Top Canned Peanuts,P01,178.0418,EA
32963,High Top Macintosh Apples,P01,135.8869,EA
22333,Tell Tale Corn on the Cob,,378.78,EA
35143,Carlson 1% Milk,P01,67.4789,EA
33600,Best Choice Salted Pretzels,P01,448.82,EA
61465,Super Apple Butter,,384.5168,EA
61531,Excellent Strawberry Drink,,265.91,EA
62848,Fast Beef Jerky,,56.9538,EA
64941,Ebony Shitake Mushrooms,P01,549.4748,EA
13047,High Top Golden Delcious Apples,P01,19.831,EA
28881,Nationeel Corn Chips,P01,48.8438,EA
26370,Bravo Canned Tomatos,P01,197.8451,EA
48500,Red Spade Low Fat Cole Slaw,P01,1093.75,EA
220410,BBB Best Vegetable Oil,P01,46.97,EA
64420,Blue Label Canned String Beans,,0.0,EA
11689,High Top Baby Onion,P01,129.05,EA
65003,Ebony Lemons,,77.53,EA
65005,Ebony Fancy Plums,,84.94,EA
29312,Discover Spaghetti,P01,42.5795,EA
11690B,Golden Frozen Corn,P01,192.3418,EA
61426,Super Columbian Coffee,,47.92,EA
31362,Club Blueberry Yogurt,,24.47,EA
28761,Ebony Fuji Apples,P01,157.76,EA
64820,Washington Apple Drink,,817.68,EA
18135,Washington Apple Juice,,47.5,EA
60850,Tip Top Lox,P01,216.32,EA
62780,Fast No Salt Popcorn,,40.21,EA
20990B,Golden Frozen Peas,,90.8951,EA
33087,High Top Mixed Nuts,P01,457.3625,EA
40589,Blue Label Rice Soup,,51.5,EA
220312,BBB Best Brown Sugar,P01,117.33,EA
61747,Carlson Muenster Cheese,P01,803.86,EA
62653,Tell Tale Red Delcious Apples,,279.916,EA
25855,Walrus White Zinfandel Wine,P01,188.3861,EA
64610,Jeffers Wheat Puffs,,552.1008,EA
39740,Even Better 1% Milk,P01,166.98,EA
61847,Moms Roasted Chicken,,83.25,EA
31137,Club Sour Cream,P01,1490.76,EA
61069,Best Choice Raisins,,150.44,EA
64820,Washington Apple Drink,,0.0,EA
36001,Big Time Frozen Cheese Pizza,P01,176.03,EA
38370,Imagine Pancake Mix,P01,196.09,SE
19456,Carlson Blueberry Yogurt,,5.8113,EA
14926,Good Merlot Wine,,60.6276,EA
63885,Imagine Beef TV Dinner,P01,62.48,EA
39781,Even Better Blueberry Yogurt,P01,104.73,EA
62672,Tell Tale Fancy Plums,,235.0,SE
31681,Golden Fajita French Fries,P01,265.42,EA
39677,Even Better Jack Cheese,,1535.21,EA
26769,Cutting Edge Cole Slaw,P01,78.22,EA
62858,Fast Frosted Cookies,,166.16,EA
284012,Fabulous Diet Soda,P01,1006.66,EA
24578,Fast Fudge Cookies,,4.4099,EA
62649,Tell Tale Golden Delcious Apples,,1148.02,EA
30282,Even Better Large Curd Cottage Cheese,,1078.77,EA
60114,Golden Frozen Chicken Wings,P01,47.8361,EA
63259,Radius Corn Puffs,,28.8655,EA
31417,Red Spade Low Fat Bologna,,14.38,EA
17810,Better Rice Soup,P01,230.51,EA
60860,Best Choice Low Fat Cookies,P01,146.07,PR
61115,Choice Spicy Mints,P01,203.11,PR
62018,Big Time Grape Popsicles,P01,23.97,EA
62787,Fast Low Fat Popcorn,,25.8,EA
39400,BBB Best Tomato Sauce,P01,84.76,EA
37574,Walrus Light Beer,P01,129.62,EA
39005,Nationeel Corn Chips,,2291.4,EA
61687,Better Fancy Canned Anchovies,,22.8236,EA
34699,Super Low Fat Apple Butter,P01,434.42,EA
25873,Colony White Bread,P01,195.57,EA
29754,BBB Best Pepper,P01,485.8375,EA
7605,Golden Frozen Cauliflower,P01,45.28,EA
35241,Moms Cole Slaw,,98.74,EA
30360,Washington Cream Soda,,1093.95,EA
31618,Red Spade Sliced Chicken,,167.4,EA
31282,Club Cheese Spread,,78.38,EA
60111,Golden Popsicles,P01,47.8361,EA
61604,Better Canned Yams,P01,25.16,EA
62037,Big Time Ice Cream,,18.42,EA
220062,Fantastic Rye Bread,P01,23.61,PR
23671,Tell Tale Mixed Nuts,P01,124.63,EA
39600,Just Right Canned Tuna in Water,P01,287.54,EA
30092,Just Right Chicken Ramen Soup,P01,283.025,EA
32966,High Top Golden Delcious Apples,P01,84.76,EA
38701,Footnote Extra Lean Hamburger,P01,671.45,EA
26354,Bravo Chicken Soup,,9.51,EA
26737,Cutting Edge Chicken Hot Dogs,P01,141.88,PR
63206,Token Cream Soda,P01,101.68,EA
32618,High Top Summer Squash,P01,218.33,EA
29396,Pearl Light Beer,P01,117.33,EA
14469,Medalist Thai Rice,,19.27,EA
39886,Washington Diet Cola,P01,38.25,EA
19673,Moms Beef Bologna,,39.82,EA
16149,Better Canned Beets,P01,40.1,EA
23444,Tell Tale Broccoli,P01,110.67,EA
23443,Tell Tale Peaches,P01,134.74,EA
24790,Fast Lemon Cookies,,0.0,EA
24792,Fast Graham Crackers,,1.8711,EA
37739,Landslide Salt,P01,124.12,EA
13774,Best Choice Cheese Crackers,P01,141.39,EA
27388,Imagine Frozen Broccoli,,33.62,EA
60760,High Top Mandarin Oranges,P01,195.0774,EA
62329,Quick Extra Lean Hamburger,PO1,127.6584,EA
31727,Golden Grape Popsicles,P01,159.7222,EA
37574,Walrus Light Beer,P01,234.4293,EA
61464,Super Salt,,251.3,EA
63875,Imagine Chicken TV Dinner,,141.65,EA
63860,Just Right Large Canned Shrimp,P01,141.65,EA
63865,Just Right Fancy Canned Anchovies,P01,152.12,EA
61080,Best Choice Frosted Donuts,P01,138.6,PR
60900,Best Choice Sugar Cookies,P01,541.7752,EA
62849,Fast Chocolate Donuts,,73.5714,EA
61950,Big Time Waffles,P01,152.0,EA
30310,American Pimento Loaf,,124.97,EA
23672,Tell Tale Canned Peanuts,P01,158.95,EA
60776,High Top Sweet Onion,P01,408.52,EA
7532,Golden Frozen Mushroom Pizza,P01,85.77,EA
39438,BBB Best Apple Jelly,P01,86.04,EA
32951,High Top Squash,P01,152.125,EA
37196,Fast Cheese Crackers,P01,215.12,EA
61572,Best Grits,,134.1,EA
13799,Best Choice Buttered Popcorn,,141.39,EA
23675,Tell Tale Cantelope,P01,227.85,EA
37559,Walrus Chardonnay,,0.405,EA
62653,Tell Tale Red Delcious Apples,,0.0,EA
61539,Excellent Cream Soda,,12.62,EA
63664,Just Right Fancy Canned Sardines,,517.65,EA
33446,Best Choice Low Fat BBQ Chips,P01,974.69,EA
61753,Carlson Sharp Cheddar Cheese,P01,803.86,EA
60900,Best Choice Sugar Cookies,,623.67,EA
63663,Just Right Fancy Canned Oysters,,199.0,EA
28771,Ebony Oranges,P01,157.76,EA
29758,BBB Best Apple Butter,P01,515.1375,EA
39682,Even Better Havarti Cheese,P01,0.0,EA
37574,Walrus Light Beer,P01,127.84,EA
37677,Landslide Vegetable Oil,P01,48.7,EA
31400,Red Spade Pimento Loaf,,35.3135,EA
29087,Nationeel Mini Donuts,P01,157.7625,EA
32523,Ship Shape Extra Lean Hamburger,P01,487.74,EA
37559,Walrus Chardonnay,,0.4,EA
21221,Big Time Orange Popsicles,,63.01,EA
35011,Swell Canned Mixed Fruit,,0.0,EA
34494,Great English Muffins,,21.577,EA
29395,Pearl White Zinfandel Wine,P01,74.97,EA
30348,National Large Brown Eggs,,1368.76,EA
39185,Ebony Tomatos,P01,202.96,EA
39967,Blue Label Canned Tomatos,P01,166.34,EA
62331,Quick Seasoned Hamburger,PO1,133.84,EA
60974,Best Choice Salted Pretzels,,67.4,EA
62730,Tell Tale Oranges,P01,375.0,EA
62550,Tell Tale Garlic,P01,499.9819,EA
34581,Super White Sugar,P01,157.7625,EA
23426,Tell Tale Plums,,65.61,EA
26543,Bravo Fancy Canned Oysters,P01,140.02,EA
63811,Just Right Canned Tomatos,,37.36,EA
37018,Tell Tale Red Pepper,,1171.5089,EA
220061,Fantastic White Bread,P01,22.66,PR
63044,Walrus Light Beer,P01,50.92,EA
28751,Ebony Cantelope,P01,113.46,EA
26502,Bravo Large Canned Shrimp,P01,905.8049,EA
37774,Landslide Strawberry Jam,P01,144.13,EA
37133,Tell Tale Mixed Nuts,P01,290.03,EA
61085,Choice Tasty Candy Bar,P01,141.81,PR
33548,Best Choice Low Fat Popcorn,P01,138.97,EA
33547,Best Choice No Salt Popcorn,P01,138.97,EA
61095,Choice Malted Milk Balls,P01,141.81,PR
37959,Bravo Canned Tuna in Oil,P01,375.0,EA
39595,Just Right Canned Peas,P01,346.23,EA
26548,Applause Canned Mixed Fruit,P01,138.97,EA
61400,Super French Roast Coffee,P01,138.97,PR
25411,Atomic Tasty Candy Bar,P01,222.42,EA
38072,Cutting Edge Low Fat Bologna,P01,147.07,EA
61751,Carlson Head Cheese,P01,803.86,EA
61090,Choice Mint Chocolate Bar,P01,216.32,EA
39840,American Potato Salad,P01,467.53,EA
39850,Washington Mango Drink,P01,467.53,EA
31850,Golden Popsicles,P01,10.0,EA
30448,Washington Cranberry Juice,,0.0,EA
29278,Monarch Thai Rice,,0.0,EA
35009,Better Fancy Canned Sardines,,0.0,EA
19857,Moms Cole Slaw,,0.0,EA
31400,Red Spade Pimento Loaf,,36.5173,EA
26733,Gorilla 1% Milk,P01,138.97,EA
60753,High Top Broccoli,,12.97,EA
39682,Even Better Havarti Cheese,P01,291.86,EA
60775,High Top Canned Peanuts,P01,152.11,PR
37861,Bravo Canned String Beans,,1152.4,EA
39116,Nationeel Avocado Dip,P01,833.261,EA
26733,Gorilla 1% Milk,P01,138.975,EA
36031,Big Time Beef TV Dinner,P01,57.66,EA
28671,Ebony Fancy Plums,,445.64,EA
36013,Big Time Frozen Mushroom Pizza,,0.0,EA
62672,Tell Tale Fancy Plums,,235.0,EA
63750,Cutting Edge Sliced Chicken,,1206.0,EA
37162,Tell Tale Fuji Apples,P01,133.58,PR
14973,Great White Bread,,1.6236,EA
35012,Swell Canned Peaches,,0.0,EA
31317,Club Buttermilk,,0.0,EA
220020,Pearl Light Wine,P01,10.31,EA
39025,Nationeel Chocolate Chip Cookies,P01,141.82,EA
37055,Tell Tale Dried Mushrooms,P01,152.12,EA
63894,Imagine Grape Popsicles,,2267.0,EA
61686,Better Large Canned Shrimp,,26.9923,EA
32618,High Top Summer Squash,P01,0.0,EA
29070,Nationeel Avocado Dip,P01,181.4375,EA
25308,Fast Strawberry Fruit Roll,,52.54,EA
63560,Gorilla Low Fat String Cheese,P01,133.41,EA
35010,Better Rice Soup,,0.0,EA
60724,High Top Red Delcious Apples,,36.192,EA
61746,Carlson Jack Cheese,,803.86,EA
63560,Gorilla Low Fat String Cheese,P01,171.65,EA
38098,Cutting Edge Cole Slaw,P01,144.13,EA
31848,Golden Frozen Corn,P01,4.5,EA
39136,Nationeel Beef Jerky,,6.96,EA
60724,High Top Red Delcious Apples,,36.16,EA
38109,Cutting Edge Sliced Ham,P01,556.18,EA
31727,Golden Grape Popsicles,P01,161.4,EA
37215,Fast Salsa Dip,P01,152.12,EA
34414,Good Light Wine,,129.1,EA
61685,Better Canned Tuna in Oil,,22.0217,EA
50118,Red Spade Sliced Turkey,,13.25,EA
50115,Red Spade Cole Slaw,,12.0,EA
50117,Red Spade Corned Beef,,12.0,EA
50116,Red Spade Roasted Chicken,,12.0,EA
61464,Super Salt,,248.4,EA
32648,High Top New Potatos,,196.86,EA
61465,Super Apple Butter,,0.0,EA
34220,Best Choice Dried Apricots,,559.44,EA
35197,Moms Turkey Hot Dogs,,390.8193,EA
61759,Carlson 1% Milk,P01,928.15,EA
60766,High Top Mixed Nuts,P01,235.1,EA
62623,Tell Tale Firm Tofu,P01,133.41,EA
63559,Gorilla String Cheese,P01,133.41,EA
62616,Tell Tale Limes,P01,133.41,EA
62624,Tell Tale Almonds,P01,133.41,EA
23674,Tell Tale Sweet Onion,P01,128.17,EA
45880,Red Spade Low Fat Bologna,P01,442.22,EA
27550,Imagine Popsicles,P01,1073.3145,EA
29312,Discover Spaghetti,P01,73.7102,EA
34852,Excellent Apple Drink,,555.75,EA
23667,Tell Tale Mandarin Oranges,,21.68,EA
26276,Bravo Canned String Beans,,7.53,EA
37424,Fast Golden Raisins,,20.98,EA
63744,Cutting Edge Potato Salad,P01,133.41,EA
30354,Washington Mango Drink,,623.87,EA
26771,Cutting Edge Roasted Chicken,P01,88.56,EA
29879,Fabulous Orange Juice,P01,138.97,PR
29878,Fabulous Diet Cola,P01,138.97,PR
5320,Club 1% Milk,P01,16.02,EA
29279,Monarch Rice Medly,,0.0,EA
13918,Choice Tasty Candy Bar,P01,54.78,EA
25300,Fast Dried Apples,P01,109.12,EA
15236,Great Muffins,P01,19.75,EA
28401,Ebony Prepared Salad,P01,528.83,EA
62524,Tell Tale Lettuce,P01,128.65,EA
27550,Imagine Popsicles,P01,593.5,EA
36001,Big Time Frozen Cheese Pizza,P01,217.31,EA
38076,Cutting Edge Foot-Long Hot Dogs,P01,289.37,EA
30211,Even Better Low Fat Sour Cream,P01,200.43,EA
63645,Gorilla 2% Milk,,0.0,EA
29063,Nationeel Salsa Dip,P01,167.43,EA
61465,Super Apple Butter,,390.8193,EA
63081,Landslide French Roast Coffee,,189.25,EA
62616,Tell Tale Limes,P01,140.43,EA
63559,Gorilla String Cheese,P01,140.43,EA
26361,Bravo Canned Yams,P01,234.58,EA
265032,BBB Best Grape Jelly,P01,567.64,EA
29255,Thresher Spicy Mints,P01,270.88,EA
47801,Red Spade Foot-Long Hot Dogs,P01,868.45,EA
20801,Moms Roasted Chicken,P01,698.1,EA
26502,Bravo Large Canned Shrimp,P01,483.25,EA
28500,Ebony Squash,P01,544.51,EA
28396,Ebony New Potatos,P01,7.63,EA
27110,Jumbo Small Eggs,P01,66.77,EA
5742,Red Spade Beef Bologna,P01,61.52,EA
37018,Tell Tale Red Pepper,,0.0,EA
62665,Tell Tale Lemons,,14.29,EA
35124,Carlson Cheese Spread,,3.88,EA
34988,Better Fancy Canned Oysters,P01,200.22,EA
62595,Tell Tale Mushrooms,P01,375.0,EA
35011,Swell Canned Mixed Fruit,,15.4143,EA
34552,Super Hot Chocolate,,4.17,EA
14042,Choice Semi-Sweet Chocolate Bar,P01,17.18,EA
465052,Club String Cheese,P01,530.87,EA
274022,Fabulous Strawberry Drink,P01,669.49,EA
375832,Fabulous Orange Juice,P01,919.01,EA
61751,Carlson Head Cheese,P01,417.88,EA
29519,BBB Best White Sugar,,39.94,EA
38007,Gorilla Jack Cheese,P01,573.38,EA
38007,Gorilla Jack Cheese,P01,635.33,EA
37195,Fast Graham Crackers,P01,101.52,EA
37604,Colony Muffins,P01,306.78,EA
37605,Colony Bagels,P01,339.94,EA
39860,Washington Cream Soda,P01,467.53,EA
31679,Golden Frozen Sausage Pizza,,127.2,EA
39677,Even Better Jack Cheese,,819.04,EA
30732,Blue Label Large Canned Shrimp,,27.88,EA
60035,Golden Waffles,P01,390.49,EA
63081,Landslide French Roast Coffee,,0.0,EA
63080,Landslide White Sugar,,0.0,EA
604700,Club Sharp Cheddar Cheese,P01,300.44,EA
29460,BBB Best Chunky Peanut Butter,P01,211.13,EA
37559,Walrus Chardonnay,,0.41,EA
32951,High Top Squash,P01,152.12,EA
28938,Nationeel Graham Crackers,P01,52.17,EA
30289,Even Better Strawberry Yogurt,P01,824.33,EA
24336,Fast Low Fat Cookies,P01,126.71,EA
26150,Token Orange Juice,P01,310.97,EA
39680,Even Better String Cheese,P01,147.02,EA
28938,Nationeel Graham Crackers,P01,113.72,EA
47550,Red Spade Turkey Hot Dogs,P01,1148.6183,EA
38370,Imagine Pancake Mix,,196.09,SE
30289,Even Better Strawberry Yogurt,P01,894.46,EA
38007,Gorilla Jack Cheese,P01,603.56,EA
39680,Even Better String Cheese,P01,151.57,EA
38007,Gorilla Jack Cheese,P01,661.8,EA
26150,Token Orange Juice,P01,301.45,EA
34976,Better Canned Tuna in Oil,,217.82,EA
34788,Excellent Mango Drink,P01,223.15,EA
60715,High Top Golden Delcious Apples,,16.07,EA
39143,Nationeel Chocolate Donuts,P01,95.46,EA
38808,Ebony Cauliflower,P01,105.51,EA
604700,Club Sharp Cheddar Cheese,P01,324.58,EA
61802,Moms Turkey Hot Dogs,,965.0,EA
62710,Tell Tale Honey Dew,,0.0,EA
38808,Ebony Cauliflower,P01,116.9,EA
29255,Thresher Spicy Mints,P01,277.84,EA
40620,Club Sharp Cheddar Cheese,,250.0,EA
61758,Carlson Chocolate Milk,P01,928.15,EA
11690,High Top Dried Mushrooms,P01,110.79,EA
29071,Nationeel Salted Pretzels,P01,104.51,EA
28881,Nationeel Corn Chips,P01,23.88,EA
29255,Thresher Spicy Mints,P01,286.61,EA
39005,Nationeel Corn Chips,,1145.7,EA
63350,Bravo Noodle Soup,,43.11,EA
29255,Thresher Spicy Mints,P01,283.69,EA
63253,Token Apple Drink,,191.42,EA
29268,Monarch Manicotti,P01,42.98,EA
15554,Super Sesame Oil,,0.0,EA
38816,Ebony Squash,P01,71.18,EA
38815,Ebony Fresh Lima Beans,P01,71.18,EA
38816,Ebony Squash,P01,73.43,EA
38109,Cutting Edge Sliced Ham,P01,561.91,EA
38815,Ebony Fresh Lima Beans,P01,86.48,EA
39105,Nationeel Salsa Dip,P01,86.48,EA
38815,Ebony Fresh Lima Beans,P01,74.93,EA
38061,Gorilla Blueberry Yogurt,P01,202.87,EA
37441,Atomic Mint Chocolate Bar,P01,672.56,EA
37441,Atomic Mint Chocolate Bar,P01,665.7,EA
37441,Atomic Mint Chocolate Bar,P01,686.29,EA
61859,Urban Large Brown Eggs,P01,127.45,EA
29394,Pearl Chardonnay,P01,67.38,EA
62949,Atomic Spicy Mints,P01,177.94,EA
34494,Great English Muffins,,23.71,EA
29753,BBB Best Strawberry Jelly,P01,116.96,EA
38051,Gorilla 1% Milk,P01,303.35,EA
30283,Even Better 2% Milk,P01,685.17,EA
28929,Nationeel Potato Chips,P01,21.09,EA
28929,Nationeel Potato Chips,P01,21.52,EA
63799,Just Right Chicken Soup,,23.8,EA
38815,Ebony Fresh Lima Beans,P01,75.72,EA
28751,Ebony Cantelope,P01,63.39,EA
61858,Urban Small Brown Eggs,P01,67.17,EA
11310,High Top Garlic,P01,82.31,EA
37170,Fast BBQ Potato Chips,P01,104.5,EA
61859,Urban Large Brown Eggs,P01,127.54,EA
38816,Ebony Squash,P01,75.72,EA
29260,Monarch Ravioli,P01,314.21,EA
30289,Even Better Strawberry Yogurt,P01,858.68,EA
60448,High Top Summer Squash,P01,270.24,EA
26361,Bravo Canned Yams,P01,240.61,EA
38051,Gorilla 1% Milk,P01,315.99,EA
62948,Atomic Bubble Gum,P01,177.94,EA
34863,Best Corn Puffs,P01,489.14,EA
37559,Walrus Chardonnay,,0.445,EA
62018,Big Time Grape Popsicles,P01,22.78,EA
63799,Just Right Chicken Soup,,23.56,EA
5742,Red Spade Beef Bologna,P01,63.1,EA
30289,Even Better Strawberry Yogurt,P01,819.92,EA
32963,High Top Macintosh Apples,P01,75.2,EA
26548,Applause Canned Mixed Fruit,P01,68.48,EA
39190,Nationeel Raisins,P01,102.4,EA
62524,Tell Tale Lettuce,P01,135.42,EA
37441,Atomic Mint Chocolate Bar,P01,722.41,EA
61400,Super French Roast Coffee,P01,67.07,EA
37170,Fast BBQ Potato Chips,P01,102.34,EA
38007,Gorilla Jack Cheese,P01,561.91,EA
375832,Fabulous Orange Juice,P01,947.43,EA
29757,BBB Best Salt,P01,129.27,EA
63676,Cutting Edge Pimento Loaf,,265.68,EA
38826,Ebony Macintosh Apples,P01,122.06,EA
28401,Ebony Prepared Salad,P01,528.84,EA
19744,Moms Foot-Long Hot Dogs,P01,205.88,EA
13047,High Top Golden Delcious Apples,P01,11.97,EA
15640,Super Vegetable Oil,P01,95.14,EA
23677,Tell Tale Fuji Apples,P01,95.73,EA
32963,High Top Macintosh Apples,P01,79.92,EA
32966,High Top Golden Delcious Apples,P01,85.64,EA
38842,Ebony Lemons,P01,112.28,EA
25982,Landslide Pepper,P01,113.85,EA
27550,Imagine Popsicles,P01,608.56,EA
39972,Blue Label Turkey Noodle Soup,P01,129.42,EA
30289,Even Better Strawberry Yogurt,P01,867.63,EA
37606,Colony Blueberry Muffins,P01,237.76,EA
25300,Fast Dried Apples,P01,116.06,EA
47550,Red Spade Turkey Hot Dogs,P01,675.53,EA
30283,Even Better 2% Milk,P01,769.23,EA
48500,Red Spade Low Fat Cole Slaw,P01,660.43,EA
28500,Ebony Squash,P01,594.01,EA
28401,Ebony Prepared Salad,P01,540.03,EA
62018,Big Time Grape Popsicles,P01,23.98,EA
39860,Washington Cream Soda,P01,249.43,EA
61619,Better Noodle Soup,,1292.73,EA
38061,Gorilla Blueberry Yogurt,P01,217.9,EA
39186,Nationeel Dried Dates,P01,316.7,EA
29394,Pearl Chardonnay,P01,69.51,EA
30107,Just Right Fancy Canned Oysters,P01,131.22,EA
60036,Golden Frozen Pepperoni Pizza,P01,168.9,EA
30107,Just Right Fancy Canned Oysters,P01,124.67,EA
39186,Nationeel Dried Dates,P01,300.86,EA
39680,Even Better String Cheese,P01,141.11,EA
39190,Nationeel Raisins,P01,100.28,EA
39594,Just Right Beef Soup,P01,100.28,EA
29754,BBB Best Pepper,P01,260.53,EA
29394,Pearl Chardonnay,P01,66.03,EA
61853,Moms Corned Beef,P01,127.54,EA
39680,Even Better String Cheese,P01,142.6,EA
39185,Nationeel Grape Fruit Roll,P01,142.6,EA
38816,Ebony Squash,P01,74.21,EA
5742,Red Spade Beef Bologna,P01,62.48,EA
26113,Landslide Grape Jelly,P01,294.85,EA
37170,Fast BBQ Potato Chips,P01,103.42,EA
62948,Atomic Bubble Gum,P01,176.22,EA
39185,Nationeel Grape Fruit Roll,P01,143.99,EA
39680,Even Better String Cheese,P01,143.99,EA
37060,Tell Tale Limes,P01,70.56,EA
25883,Colony English Muffins,P01,234.21,EA
38844,Ebony Plums,P01,106.84,EA
33547,Best Choice No Salt Popcorn,P01,69.88,EA
5742,Red Spade Beef Bologna,P01,64.43,EA
39681,Even Better Low Fat String Cheese,P01,313.47,EA
37170,Fast BBQ Potato Chips,P01,105.53,EA
29312,Discover Spaghetti,P01,24.43,EA
30093,Just Right Canned Tuna in Water,P01,283.23,EA
38061,Gorilla Blueberry Yogurt,P01,211.36,EA
20910,Moms Sliced Turkey,P01,460.92,EA
37441,Atomic Mint Chocolate Bar,P01,700.74,EA
30289,Even Better Strawberry Yogurt,P01,832.92,EA
39681,Even Better Low Fat String Cheese,P01,316.7,EA
37132,Tell Tale Mandarin Oranges,P01,208.34,EA
38109,Cutting Edge Sliced Ham,P01,573.38,EA
60448,High Top Summer Squash,P01,278.77,EA
61145,Good Imported Beer,P01,208.42,EA
62948,Atomic Bubble Gum,P01,183.56,EA
47550,Red Spade Turkey Hot Dogs,P01,655.19,EA
15236,Great Muffins,P01,17.64,EA
60486,High Top Onions,P01,148.05,EA
60461,High Top Prepared Salad,,143.49,EA
37172,Fast Low Fat BBQ Chips,P01,113.99,EA
37441,Atomic Mint Chocolate Bar,P01,651.98,EA
38786,Ebony Prepared Salad,,125.23,EA
61145,Good Imported Beer,P01,172.48,EA
39190,Nationeel Raisins,P01,97.21,EA
30107,Just Right Fancy Canned Oysters,P01,127.28,EA
38061,Gorilla Blueberry Yogurt,P01,207.13,EA
29394,Pearl Chardonnay,P01,67.42,EA
37441,Atomic Mint Chocolate Bar,P01,686.73,EA
30107,Just Right Fancy Canned Oysters,P01,123.39,EA
37170,Fast BBQ Potato Chips,P01,101.3,EA
35095,Carlson Jack Cheese,P01,150.23,EA
38061,Gorilla Blueberry Yogurt,P01,213.54,EA
60035,Golden Waffles,P01,384.27,EA
61385,Super Sesame Oil,P01,86.33,EA
29312,Discover Spaghetti,P01,24.18,EA
20910,Moms Sliced Turkey,P01,451.42,EA
20910,Moms Sliced Turkey,P01,465.68,EA
39116,Nationeel Avocado Dip,P01,460.77,EA
20910,Moms Sliced Turkey,P01,475.18,EA
39601,Just Right Canned Tuna in Oil,P01,287.54,EA
5742,Red Spade Beef Bologna,P01,65.09,EA
38826,Ebony Macintosh Apples,P01,117.17,EA
34699,Super Low Fat Apple Butter,P01,211.88,EA
29753,BBB Best Strawberry Jelly,P01,120.66,EA
28881,Nationeel Corn Chips,P01,27.46,EA
37441,Atomic Mint Chocolate Bar,P01,679.64,EA
26734,Gorilla Whole Milk,P01,74.03,EA
38050,Gorilla Chocolate Milk,P01,166.57,EA
38051,Gorilla 1% Milk,P01,319.32,EA
38007,Gorilla Jack Cheese,P01,544.71,EA
24335,Kiwi Scallops,P01,119.41,EA
38826,Ebony Macintosh Apples,P01,125.91,EA
38786,Ebony Prepared Salad,,122.73,EA
38826,Ebony Macintosh Apples,P01,119.62,EA
13047,High Top Golden Delcious Apples,P01,11.49,EA
38826,Ebony Macintosh Apples,P01,124.63,EA
38051,Gorilla 1% Milk,P01,332.62,EA
61757,Carlson Buttermilk,P01,417.88,EA
47801,Red Spade Foot-Long Hot Dogs,P01,1042.38,EA
15640,Super Vegetable Oil,P01,89.45,EA
7536,Golden Apple Cinnamon Waffles,P01,150.35,EA
38050,Gorilla Chocolate Milk,P01,164.83,EA
39198,Nationeel Dried Apricots,,73.78,EA
61495,Super Strawberry Preserves,P01,395.13,EA
38076,Cutting Edge Foot-Long Hot Dogs,P01,300.23,EA
36001,Big Time Frozen Cheese Pizza,P01,225.46,EA
28500,Ebony Squash,P01,579.31,EA
45880,Red Spade Low Fat Bologna,P01,420.11,EA
26161,Token Apple Juice,P01,605.59,EA
62510,Tell Tale Onions,,710.81,EA
29062,Nationeel Low Fat Popcorn,P01,86.33,EA
61855,Moms Sliced Ham,P01,67.13,EA
30093,Just Right Canned Tuna in Water,P01,269.07,EA
39860,Washington Cream Soda,P01,230.26,EA
26502,Bravo Large Canned Shrimp,P01,514.13,EA
26370,Bravo Canned Tomatos,P01,112.32,EA
47801,Red Spade Foot-Long Hot Dogs,P01,890.76,EA
47550,Red Spade Turkey Hot Dogs,P01,635.13,EA
63080,Landslide White Sugar,,268.13,EA
61465,Super Apple Butter,,186.03,EA
25906,Landslide White Sugar,P01,237.6,EA
37880,Bravo Canned Yams,P01,119.34,EA
38076,Cutting Edge Foot-Long Hot Dogs,P01,295.47,EA
20910,Moms Sliced Turkey,P01,444.26,EA
32963,High Top Macintosh Apples,P01,79.1,EA
63600,Gorilla Cheese Spread,P01,0.0,EA
26734,Gorilla Whole Milk,P01,73.27,EA
30092,Just Right Chicken Ramen Soup,P01,154.88,EA
30210,Even Better Low Fat Cottage Cheese,P01,90.96,EA
13910,Best Choice Golden Raisins,P01,59.01,EA
37605,Colony Bagels,P01,186.02,EA
11690,High Top Dried Mushrooms,P01,105.25,EA
17801,Better Fancy Canned Sardines,P01,927.43,EA
37673,Landslide French Roast Coffee,P01,113.54,EA
29165,Nationeel Golden Raisins,P01,57.3,EA
61857,Moms Sliced Chicken,P01,156.06,EA
60037,Golden Frozen Cheese Pizza,P01,333.31,EA
63002,Shady Lake Thai Rice,P01,136.8,EA
13916,Best Choice Dried Apricots,P01,54.78,EA
38060,Gorilla Strawberry Yogurt,P01,107.72,EA
38060,Gorilla Strawberry Yogurt,P01,104.49,EA
25883,Colony English Muffins,P01,231.82,EA
38911,Ebony Tangerines,,310.0,EA
61376,Great Wheat Bread,,604.08,EA
29753,BBB Best Strawberry Jelly,P01,119.4,EA
61856,Moms Potato Salad,P01,127.54,EA
61854,Moms Sliced Turkey,P01,156.15,EA
5742,Red Spade Beef Bologna,P01,63.14,EA
30092,Just Right Chicken Ramen Soup,P01,159.77,EA
33088,High Top Canned Peanuts,P01,179.91,EA
61650,Better Canned Tuna in Water,P01,347.24,EA
39609,Just Right Rice Soup,P01,39.9125,EA
26563,Gorilla Low Fat Cottage Cheese,P01,138.61,EA
29879,Fabulous Orange Juice,P01,138.97,EA
30754,Blue Label Fancy Canned Clams,P01,380.02,SE
62742,Fast Low Fat BBQ Chips,P01,375.0,EA
26467,Bravo Canned Tuna in Water,P01,189.13,EA
62731,Tell Tale Tangerines,P01,375.0,EA
35370,Big Time Frozen Pancakes,P01,134.57,PR
61577,Better Canned String Beans,P01,198.0,EA
37979,Bravo Fancy Canned Oysters,,176.32,EA
33548,Best Choice Low Fat Popcorn,P01,138.975,EA
63078,Landslide Brown Sugar,,0.0,EA
63077,Landslide Hot Chocolate,,0.0,EA
38846,Ebony Broccoli,P01,177.69,EA
38105,Cutting Edge Sliced Turkey,P01,195.0,EA
62734,Kiwi Lox,P01,375.0,EA
39513,Fabulous Cream Soda,P01,40.71,EA
25300,Fast Dried Apples,P01,199.4125,EA
28880,Nationeel BBQ Potato Chips,P01,53.8,EA
34238,Best Choice Frosted Donuts,P01,203.11,EA
26734,Gorilla Whole Milk,P01,148.775,EA
61015,Best Choice Beef Jerky,P01,107.8,EA
34238,Best Choice Frosted Donuts,P01,203.11,PR
AIR/EXPEDITORS,Golden Frozen Peas,,0.0,EA
SEA/TLR,Nationeel Raspberry Fruit Roll,,0.0,EA
1z9483440145591525,Tell Tale Potatos,,0.0,EA
,Super Canola Oil,,0.0,EA
0633339 DANZAS - AIR,Atomic White Chocolate Bar,,0.0,EA
5013303036,Choice Bubble Gum,,0.0,EA
28724,Ebony Mixed Nuts,P01,53.36,EA
4844118 DANZAS - AIR,Fabulous Cream Soda,,0.0,EA
EXPEDITORS - AIR,Fast Avocado Dip,,0.0,EA
17801,American Pimento Loaf,,0.0,EA
37467,Atomic Mints,P01,368.91,EA
AIR/DANZAS,Super Salt,,0.0,EA
5013303720,BBB Best Corn Oil,,0.0,EA
1z9483441245619172,Imagine Orange Popsicles,,0.0,EA
1Z9483440246925018,Tell Tale Tomatos,,0.0,EA
,Token Orange Juice,,0.0,EA
SEA/TLR,Club Mild Cheddar Cheese,,0.0,EA
SEA/DANZAS,Just Right Canned Yams,,0.0,EA
29257,Thresher White Chocolate Bar,P01,40.02,EA
1Z9483440146698767,Washington Apple Drink,,0.0,EA
AIR/DANZAS,Best Choice Raisins,,0.0,EA
SEA/TLR,Ebony Cantelope,,0.0,EA
5013303608,Fantastic Blueberry Muffins,,0.0,EA
AIR/EXPEDITORS,Bravo Chicken Soup,,0.0,EA
,Cutting Edge Sliced Ham,,0.0,EA
1Z9483440246567709,Fabulous Orange Juice,,0.0,EA
AIR/DANZAS,Even Better Large Curd Cottage Cheese,,0.0,EA
38076,Cutting Edge Foot-Long Hot Dogs,P02,548.66,EA
AIR/DANZAS,American Turkey Hot Dogs,,0.0,EA
5013303521,High Top Squash,,0.0,EA
AIR/DANZAS,Tell Tale Lettuce,,0.0,EA
,Fast Salted Pretzels,,0.0,EA
FREIGHT FOR SO#514636,Carlson Havarti Cheese,,0.0,EA
5013303591,Fabulous Diet Cola,,0.0,EA
1z9483444445156666,Moms Potato Salad,,0.0,EA
AIR/DANZAS,Even Better Sharp Cheddar Cheese,,0.0,EA
FRT FOR SO#512928,Club Low Fat Cottage Cheese,,0.0,EA
AIR/DANZAS,Super Apple Jam,,0.0,EA
AIR/DANZAS,Applause Canned Peaches,,0.0,EA
SEA/TLR,Red Spade Sliced Turkey,,0.0,EA
0,Ebony Lemons,,0.0,EA
0,Blue Label Fancy Canned Oysters,,0.0,EA
SEA/TLR,Big Time Grape Popsicles,,0.0,EA
TLR/SEA,Landslide Brown Sugar,,0.0,EA
TLR/SEA,Fast Graham Crackers,,0.0,EA
5013301071,Best Choice Graham Crackers,,0.0,EA
5013301059,Ebony Potatos,,0.0,EA
TLR - OCEAN,Red Spade Corned Beef,,0.0,EA
4881515  - DANZAS / AIR (,Fast Fudge Brownies,,0.0,EA
4881516 DANZAS/AIR,Landslide Chunky Peanut Butter,,0.0,EA
4881519 DANZAS - OCEAN,Ebony Peaches,,0.0,EA
1Z9483440144418401,High Top Mushrooms,,0.0,EA
17801,Better Fancy Canned Sardines,P12,1379.7938,EA
48500,Red Spade Low Fat Cole Slaw,P13,1134.77,EA
EXPEDITORS - AIR,Blue Label Vegetable Soup,,0.0,EA
,Carlson Havarti Cheese,,0.0,EA
4881514  DANZAS - AIR,BBB Best Columbian Coffee,,0.0,EA
,Colony Blueberry Muffins,,0.0,EA
,Big Time Frozen Broccoli,,0.0,EA
20910,Moms Sliced Turkey,P06,795.314,EA
,Jeffers Wheat Puffs,,0.0,EA
4881511 DANZAS - AIR,Fabulous Diet Soda,,0.0,EA
5013495260,Tell Tale Broccoli,,0.0,EA
4881505 DANZAS - AIR,Nationeel Salsa Dip,,0.0,EA
1Z9483441545865990,Bravo Creamed Corn,,0.0,EA
EXPEDITORS - AIR,Red Spade Sliced Chicken,,0.0,EA
5013495397,Monarch Thai Rice,,0.0,EA
EXPEDITORS,Walrus Chardonnay,,0.0,EA
,Applause Canned Mixed Fruit,,0.0,EA
60449,High Top Corn on the Cob,P15,346.53,EA
TLR/BTS,Gorilla Buttermilk,,0.0,EA
,American Turkey Hot Dogs,,0.0,EA
,Monarch Manicotti,,0.0,EA
,Excellent Cream Soda,,0.0,EA
5011790211,High Top Shitake Mushrooms,,0.0,EA
,American Cole Slaw,,0.0,EA
185280052-1,Moms Low Fat Cole Slaw,,0.0,EA
1Z9483440145095679,Cutting Edge Chicken Hot Dogs,,0.0,EA
AIR/DANZAS,Urban Small Brown Eggs,,0.0,EA
,Cutting Edge Turkey Hot Dogs,,0.0,EA
5013246371,Tell Tale Prepared Salad,,0.0,EA
5013246373,Washington Cream Soda,,0.0,EA
5013246362,Big Time Frozen Broccoli,,0.0,EA
EXPEDITORS CFR HELSINKI,BBB Best Hot Chocolate,,0.0,EA
DANZAS CFR FRANCE,American Corned Beef,,0.0,EA
184308724-6,Golden Fajita French Fries,,0.0,EA
,Thresher White Chocolate Bar,,0.0,EA
TLR - OCEAN,Blue Label Rice Soup,,0.0,EA
4882886 - DANZAS (OCEAN),Gorilla Sour Cream,,0.0,EA
1z9483440144026978,Even Better Muenster Cheese,,0.0,EA
TLR - OCEAN,Landslide Chunky Peanut Butter,,0.0,EA
,Club Chocolate Milk,,0.0,EA
,Good White Zinfandel Wine,,0.0,EA
TLR - OCEAN,Nationeel BBQ Potato Chips,,0.0,EA
1z9483440144382708,Blue Label Canned Beets,,0.0,EA
0,Even Better Blueberry Yogurt,,0.0,EA
25870,Club Sharp Cheddar Cheese,,0.0,EA
DANZAS 4882883-5,Landslide Apple Preserves,,0.0,EA
1z9483440146494003,Tell Tale Mushrooms,,0.0,EA
50132441793,Tell Tale Limes,,0.0,EA
1Z9483440145343169,Landslide Brown Sugar,,0.0,EA
,Tell Tale Beets,,0.0,EA
TLR/BTS,Even Better Head Cheese,,0.0,EA
4882877 DANZAS - AIR,High Top Green Pepper,,0.0,EA
,Best Grits,,0.0,EA
,Big Time Frozen Cauliflower,,0.0,EA
,Token Berry Juice,,0.0,EA
,Just Right Chicken Soup,,0.0,EA
34654,Super Grape Preserves,,360.07,EA
,Colony Muffins,,0.0,EA
4882876 DANZAS - OCEAN,Bravo Fancy Canned Sardines,,0.0,EA
61020,Best Choice Sesame Crackers,P01,107.8,EA
,Tell Tale Green Pepper,,0.0,EA
,Even Better Cheese Spread,,0.0,SE
,Big Time Fajita French Fries,,0.0,EA
2450862  DANZAS - AIR,Tip Top Lox,,0.0,EA
1Z9483440246675664,Moms Low Fat Cole Slaw,,0.0,EA
61484,Super Creamy Peanut Butter,P11,50.5051,EA
60794,High Top Walnuts,P08,51.88,EA
62550,Tell Tale Garlic,P07,575.0,EA
38076,Cutting Edge Foot-Long Hot Dogs,P10,548.66,EA
36001,Big Time Frozen Cheese Pizza,P09,412.03,EA
,Moms Sliced Chicken,,0.0,EA
,Ebony Fresh Lima Beans,,0.0,EA
1Z9483440146357189,Big Time Beef TV Dinner,,0.0,EA
31682,Golden Waffles,P01,317.46,EA
63646,Gorilla Buttermilk,,0.52,EA
EXPEDITORS,Jeffers Corn Puffs,,0.0,EA
1z9483440145107950,Imagine Frozen Cauliflower,,0.0,EA
38631,Jumbo Large Eggs,P14,0.0,EA
30095,Just Right Large Canned Shrimp,,174.74,EA
TLR,Nationeel Frosted Cookies,,0.0,EA
38380,Imagine Grape Popsicles,P01,138.97,EA
2450857,High Top Fuji Apples,,0.0,EA
2450858,Moms Corned Beef,,0.0,EA
,Kiwi Lox,P03,0.0,EA
EXPEDITORS,Golden Frozen Cauliflower,,0.0,EA
,Golden Pancake Mix,,0.0,EA
,Best Choice Fudge Brownies,P05,0.0,EA
,Landslide Creamy Peanut Butter,,0.0,EA
,Green Ribbon Canned Peaches,,0.0,EA
,Blue Label Canned Tuna in Water,,0.0,EA
2450852,Blue Medal Large Brown Eggs,,0.0,EA
15271,Great Bagels,,3.22,EA
,Fast Raisins,,0.0,EA
60776,High Top Sweet Onion,P04,408.52,SE
24508050,Imagine Fajita French Fries,,0.0,EA
48815001,Blue Medal Small Eggs,,0.0,EA
63113,Landslide Columbian Coffee,,5.61,EA
37050,Tell Tale Mushrooms,P01,138.89,EA
1Z9483440146969116,Even Better Sharp Cheddar Cheese,,0.0,EA
4881501,Tell Tale Peaches,,0.0,EA
,Best Choice Sugar Cookies,,0.0,EA
22680,Tell Tale Firm Tofu,P01,20.07,EA
,High Top Dried Mushrooms,,0.0,EA
32720,High Top Cauliflower,P01,29.37,EA
29312,Discover Spaghetti,P01,44.175,EA
38061,Gorilla Blueberry Yogurt,P01,207.01,EA
26548,Applause Canned Mixed Fruit,P01,68.44,EA
61854,Moms Sliced Turkey,P01,144.53,EA
,Discover Rice Medly,,0.0,EA
SUPER WINCH T-1500,Nationeel Sugar Cookies,,0.0,EA
39190,Nationeel Raisins,P01,101.34,EA
1Z9483440344767496,Atomic Semi-Sweet Chocolate Bar,,0.0,EA
37467,Atomic Mints,P01,206.12,EA
38061,Gorilla Blueberry Yogurt,P01,200.8,EA
38060,Gorilla Strawberry Yogurt,P01,102.33,EA
61496,Super Extra Chunky Peanut Butter,P01,206.08,EA
601700,Club Cheese Spread,P01,102.87,EA
38060,Gorilla Strawberry Yogurt,P01,101.34,EA
38061,Gorilla Blueberry Yogurt,P01,205.0,EA
